site,X,Y
French_flat,POINT,448002.5797778387,4660874.729979207
Upper_Table,POINT,509959.4483952709,4701771.456177375
Hazel_Dell,POINT,482462.9482911808,4873918.789408264
Horse_Rock,POINT,509667.4100037938,4905002.198263188
Upper_Weir,POINT,522179.1044025632,5195005.240227262
Whidbey,POINT,528326.5907551614,5339512.618311459
Roxy_Ann,POINT,517390.8037486151,4688461.393764849
Whetstone,POINT,507499.1981065504,4696216.552639611
Lower_Table,POINT,504205.130107615,4701765.701254467
